anchor_id,component_scope,manuscript_location,focus,recommendation_type,notes
DEV-COM-001,January foundation cluster,"January 1-8 daily entries + Soul Dive companions",strengths,preserve,"Strong opening rhythm and devotional covenant."
DEV-COM-002,January short-entry cluster,"January 3, 9, 11, 14, 19, 24",entry-length,expand,"Brief entries need one more reflective or applicational layer."
DEV-COM-003,January bridge cluster,"January 13, 15, 17, 23, 26, 28, 30",transitions,strengthen transition,"Month should feel cumulative rather than episodic."
DEV-COM-004,February hinge cluster,"February 14-20",pacing,clarify,"Emotional intensity deepens sharply and needs stronger internal distinctions."
DEV-COM-005,February late cluster,"February 21-29",repetition,reduce selectively,"Repeated intimacy and repair language can blur if left unshaped."
DEV-COM-006,March stewardship cluster,"March 13-23",concept overlap,clarify,"Responsibility, stewardship, readiness, and consistency need clearer roles."
DEV-COM-007,March activation cluster,"March 1-12",activation,preserve,"Forward movement is strong; keep momentum while trimming overlap."
DEV-COM-008,March threshold sequence,"March 28-31",closing movement,strengthen transition,"Completion and threshold sequence should feel deliberate and settled."
DEV-COM-009,Leap day companion,"February 29 - Hidden Grace",special handling,retain as special reflection,"Preserve as a Leap Day reflection without forcing leap-year dependence."
DEV-COM-010,Soul Dive audit layer,"All 91 Soul Dive companions",coverage,preserve,"Companion layer confirms findings reflect the full paired reading experience."
DEV-COM-011,Repetition ledger,"January-March recurring leadership themes",repetition,clarify,"Recurring abstractions must remain cumulative rather than redundant."
DEV-COM-012,Quarter boundary,"January 31 -> February 1 and February 29 -> March 1",bridges,strengthen transition,"Boundary language should mark movement into the next monthly function."
DEV-COM-013,Voice boundary,"Entire manuscript",scope-boundary,preserve,"No line-level polishing or copyediting in developmental markup."
