entry_date,theme,word_count,recommended_treatment,editorial_note
January 1,Beginning,268,clarify,Preserve opening-month momentum while tightening repeated leadership phrasing.
January 3,Clarity,147,expand,Brief entry; deepen the reflective turn or practical bridge by 1-2 short paragraphs.
January 9,Integrity,180,expand,Brief entry; deepen the reflective turn or practical bridge by 1-2 short paragraphs.
January 13,Trust,193,strengthen transition,Add clearer connective tissue so the month feels cumulative.
February 14,Devotion,551,clarify,Differentiate this hinge entry from adjacent interior-deepening entries.
February 18,Honesty,513,reduce selectively,Trim repeated setup so intensity remains distinct.
February 23,Clarity,508,reduce selectively,Sharpen function so neighboring entries do not remain in the same key.
February 29,Hidden Grace,504,retain as special reflection,Keep as Leap Day reflection with special labeling.
March 1,Awakening,539,reduce selectively,Trim repeated setup where it delays activation.
March 19,Stewardship,476,clarify,Preserve stewardship emphasis while differentiating it from adjacent leadership entries.
March 28,Preparation,370,strengthen transition,Emphasize quarter-end culmination and a cleaner bridge into Volume II.
March 31,Threshold,465,strengthen transition,Resolve Volume I with quiet completion and expectancy.
